project,capacity_mw,status_pre_event,owner,owner_src,damage,missing_workers_23sep,bodies_recovered,notes,sources,n_points
Rasuwagadhi HEP,111,operating (COD 31 Dec 2024),Rasuwagadhi Hydropower Company Ltd (Chilime-led),https://rghpcl.com.np/about-the-project/,"NEA spokesperson: 'completely washed away' (KP 30 Aug); dam site, quarters and station severely damaged",93,">=1 (body found inside tunnel, NDRRMA SitRep #22, 12 Sep, via ADRC)","Headworks ~400 m below Kerung-Lende confluence; 4,185 m headrace; underground powerhouse; 613.9 GWh/yr; 80 m3/s design discharge (company site). HOT/DoED layer still lists it 'Under Construction' (outdated).",https://kathmandupost.com/national/2026/08/30/flood-damage-to-nepal-s-hydropower-sector-could-run-into-billions; https://kathmandupost.com/national/2026/09/23/over-800-people-remain-missing-from-hydropower-projects-after-bhotekoshi-floods-says-energy-minister-shrestha; https://radionepalonline.com/en/2026/09/05/435476.html; https://ndrrma.gov.np/mediafiles/rasuwa/SitRep_ENG_20_21092026.pdf,2
Chilime HEP,22.1,operating,Chilime Hydropower Company Ltd (NEA group) [not re-verified this session],,"'buried' (NEA spokesperson, KP 30 Aug); 5 NEA staff found dead at powerhouse after 250 m tunnel breakthrough",1,5 (KP 23 Sep; NDRRMA SitRep #16/#20),HOT destroyed-features layer tags the powerhouse node 'Destroyed'.,https://kathmandupost.com/national/2026/08/30/flood-damage-to-nepal-s-hydropower-sector-could-run-into-billions; https://kathmandupost.com/national/2026/09/23/over-800-people-remain-missing-from-hydropower-projects-after-bhotekoshi-floods-says-energy-minister-shrestha; https://radionepalonline.com/en/2026/09/05/435476.html; https://ndrrma.gov.np/mediafiles/rasuwa/SitRep_ENG_20_21092026.pdf,3
Langtang Khola HEP,20,testing phase (per KP 30 Aug),private [name not verified],,listed 'completely damaged' by DAO Rasuwa (Radio Nepal 5 Sep),39,2 (19 rescued) (KP 23 Sep),,https://kathmandupost.com/national/2026/08/30/flood-damage-to-nepal-s-hydropower-sector-could-run-into-billions; https://kathmandupost.com/national/2026/09/23/over-800-people-remain-missing-from-hydropower-projects-after-bhotekoshi-floods-says-energy-minister-shrestha; https://radionepalonline.com/en/2026/09/05/435476.html; https://ndrrma.gov.np/mediafiles/rasuwa/SitRep_ENG_20_21092026.pdf,1
Rasuwa Bhotekoshi HEP,120,under construction,private (KP 30 Aug),https://kathmandupost.com/national/2026/08/30/flood-damage-to-nepal-s-hydropower-sector-could-run-into-billions,listed 'completely damaged' (Radio Nepal 5 Sep),3,,NDRRMA SitRep #20 table labels 'Rasuwagadhi Hydropower Project (120 MW)' - likely a mix-up with this project.,https://kathmandupost.com/national/2026/08/30/flood-damage-to-nepal-s-hydropower-sector-could-run-into-billions; https://kathmandupost.com/national/2026/09/23/over-800-people-remain-missing-from-hydropower-projects-after-bhotekoshi-floods-says-energy-minister-shrestha; https://radionepalonline.com/en/2026/09/05/435476.html; https://ndrrma.gov.np/mediafiles/rasuwa/SitRep_ENG_20_21092026.pdf,1
Upper Trishuli-1 HEP (UT-1),216,under construction (~84% complete; COD planned Jul 2027),Korea-led: Korea South-East Power + Doosan Enerbility (USD 647 M),https://www.koreajoongangdaily.com/business/deadly-flood-in-nepal-threatens-647-million-korealed-hydropower-project/12847739,>90% of upper dam and ~90% of workers' base camp destroyed (JoongAng Daily 27 Aug),439,"39 from tunnel (KP 23 Sep); 31 recovered from rebar mesh in Audit-3 tunnel at Hakubesi (NDRRMA SitRep #20, 21 Sep)","1,433 people on site before flood; 955 rescued/made contact; a Chinese national rescued alive on day 12 (KP 23 Sep). 9 Korean staff missing (6 Doosan, 3 KOSEP).",https://kathmandupost.com/national/2026/08/30/flood-damage-to-nepal-s-hydropower-sector-could-run-into-billions; https://kathmandupost.com/national/2026/09/23/over-800-people-remain-missing-from-hydropower-projects-after-bhotekoshi-floods-says-energy-minister-shrestha; https://radionepalonline.com/en/2026/09/05/435476.html; https://ndrrma.gov.np/mediafiles/rasuwa/SitRep_ENG_20_21092026.pdf,3
Upper Trishuli-3A HEP,60,operating,NEA [general knowledge; not re-verified],,listed damaged (NEA; Radio Nepal 5 Sep); tunnel entrance blocked by ~4 ft of debris (SitRep #20),39,1 (2 rescued alive on day 10) (KP 23 Sep),HOT bridge layer: 'Trishuli 3A Dam-2/Dam-3' crossings washed out.,https://kathmandupost.com/national/2026/08/30/flood-damage-to-nepal-s-hydropower-sector-could-run-into-billions; https://kathmandupost.com/national/2026/09/23/over-800-people-remain-missing-from-hydropower-projects-after-bhotekoshi-floods-says-energy-minister-shrestha; https://radionepalonline.com/en/2026/09/05/435476.html; https://ndrrma.gov.np/mediafiles/rasuwa/SitRep_ENG_20_21092026.pdf,2
Upper Trishuli-3B HEP,37,under construction,NEA + Nepal Telecom (KP 30 Aug),https://kathmandupost.com/national/2026/08/30/flood-damage-to-nepal-s-hydropower-sector-could-run-into-billions,"residential quarters (Buildings A1, A2, B1, B2, D) buried; excavation 2 m below riverbed found only office foundation (SitRep #20)",178,none reported,,https://kathmandupost.com/national/2026/08/30/flood-damage-to-nepal-s-hydropower-sector-could-run-into-billions; https://kathmandupost.com/national/2026/09/23/over-800-people-remain-missing-from-hydropower-projects-after-bhotekoshi-floods-says-energy-minister-shrestha; https://radionepalonline.com/en/2026/09/05/435476.html; https://ndrrma.gov.np/mediafiles/rasuwa/SitRep_ENG_20_21092026.pdf,2
Mailung Khola HEP,5,operating,Mailung Khola Jal Vidhyut (listed co.) [not re-verified],,listed 'completely damaged' (Radio Nepal 5 Sep),7,,,https://kathmandupost.com/national/2026/08/30/flood-damage-to-nepal-s-hydropower-sector-could-run-into-billions; https://kathmandupost.com/national/2026/09/23/over-800-people-remain-missing-from-hydropower-projects-after-bhotekoshi-floods-says-energy-minister-shrestha; https://radionepalonline.com/en/2026/09/05/435476.html; https://ndrrma.gov.np/mediafiles/rasuwa/SitRep_ENG_20_21092026.pdf,1
Trishuli HEP,24,operating,NEA,,damaged (NEA list),3,,,https://kathmandupost.com/national/2026/08/30/flood-damage-to-nepal-s-hydropower-sector-could-run-into-billions; https://kathmandupost.com/national/2026/09/23/over-800-people-remain-missing-from-hydropower-projects-after-bhotekoshi-floods-says-energy-minister-shrestha; https://radionepalonline.com/en/2026/09/05/435476.html; https://ndrrma.gov.np/mediafiles/rasuwa/SitRep_ENG_20_21092026.pdf,3
Devighat HEP,14.1,operating,NEA,,damaged (NEA list); HOT layer tags 'Devighat' power way destroyed,,,"Employees missing, no separate figure (KP 23 Sep).",https://kathmandupost.com/national/2026/08/30/flood-damage-to-nepal-s-hydropower-sector-could-run-into-billions; https://kathmandupost.com/national/2026/09/23/over-800-people-remain-missing-from-hydropower-projects-after-bhotekoshi-floods-says-energy-minister-shrestha; https://radionepalonline.com/en/2026/09/05/435476.html; https://ndrrma.gov.np/mediafiles/rasuwa/SitRep_ENG_20_21092026.pdf,2
NEA Nuwakot/Devighat solar (~25 MW),25,operating,NEA and subsidiaries (KP 30 Aug),https://kathmandupost.com/national/2026/08/30/flood-damage-to-nepal-s-hydropower-sector-could-run-into-billions,three generating blocks and main substation swept away (CLaSH StoryMap),,,"RDNA counts 5 operating solar plants, 24.36 MW.",https://kathmandupost.com/national/2026/08/30/flood-damage-to-nepal-s-hydropower-sector-could-run-into-billions; https://kathmandupost.com/national/2026/09/23/over-800-people-remain-missing-from-hydropower-projects-after-bhotekoshi-floods-says-energy-minister-shrestha; https://radionepalonline.com/en/2026/09/05/435476.html; https://ndrrma.gov.np/mediafiles/rasuwa/SitRep_ENG_20_21092026.pdf,4
Middle Trishuli Ganga HEP,15.6,under construction,private [not verified],,affected (KP 30 Aug),2,,Location not found in OSM.,https://kathmandupost.com/national/2026/08/30/flood-damage-to-nepal-s-hydropower-sector-could-run-into-billions; https://kathmandupost.com/national/2026/09/23/over-800-people-remain-missing-from-hydropower-projects-after-bhotekoshi-floods-says-energy-minister-shrestha; https://radionepalonline.com/en/2026/09/05/435476.html; https://ndrrma.gov.np/mediafiles/rasuwa/SitRep_ENG_20_21092026.pdf,0
Upper Mailung A HEP,6.42,under construction,private [not verified],,affected (KP 30 Aug),,,Location not found in OSM.,https://kathmandupost.com/national/2026/08/30/flood-damage-to-nepal-s-hydropower-sector-could-run-into-billions; https://kathmandupost.com/national/2026/09/23/over-800-people-remain-missing-from-hydropower-projects-after-bhotekoshi-floods-says-energy-minister-shrestha; https://radionepalonline.com/en/2026/09/05/435476.html; https://ndrrma.gov.np/mediafiles/rasuwa/SitRep_ENG_20_21092026.pdf,0
'14.8 MW Mailung Khola' (as listed by KP; probably Upper Mailung Khola),14.8,operating,,,affected (KP 30 Aug),,,Identity uncertain.,https://kathmandupost.com/national/2026/08/30/flood-damage-to-nepal-s-hydropower-sector-could-run-into-billions; https://kathmandupost.com/national/2026/09/23/over-800-people-remain-missing-from-hydropower-projects-after-bhotekoshi-floods-says-energy-minister-shrestha; https://radionepalonline.com/en/2026/09/05/435476.html; https://ndrrma.gov.np/mediafiles/rasuwa/SitRep_ENG_20_21092026.pdf,0
