district,local_level,affected_buildings,mud_bonded,cement_bonded,rcc_other,total_damage_npr_crore
Rasuwa,Gosaikunda,1043,271,370,402,1030.70
Rasuwa,Kalika,112,27,59,26,88.78
Rasuwa,Aamachhodingmo,57,32,16,9,37.18
Rasuwa,Uttargaya,567,127,344,96,411.60
Nuwakot,Belkotgadhi,212,72,108,32,145.42
Nuwakot,Bidur,3026,596,1407,1023,2877.63
Nuwakot,Kispang,696,231,342,123,497.54
Nuwakot,Tarakeshwor,43,22,16,5,26.69
Dhading,Benighat Rorang,1037,565,264,208,757.33
Dhading,Gajuri,107,45,40,22,81.34
Dhading,Galchhi,79,29,33,17,61.10
Dhading,Siddhalek,228,113,94,21,134.65
Gorkha,Gandaki,248,134,89,25,147.95
Gorkha,Shahid Lakhan,15,8,5,2,9.65
Chitwan,Ichchhyakamana,100,47,28,25,80.93
